<?xml version="1.0" encoding="UTF-8"?>
<project-private xmlns="http://www.netbeans.org/ns/project-private/1">
    <editor-bookmarks xmlns="http://www.netbeans.org/ns/editor-bookmarks/2" lastBookmarkId="0"/>
    <open-files xmlns="http://www.netbeans.org/ns/projectui-open-files/2">
        <group>
            <file>file:/C:/Users/Jahir%20Corrales/Desktop/E2P1_GabrielOsorto/E2P1_GabrielOsorto/src/e2p1_gabrielosorto/E2P1_GabrielOsorto.java</file>
            <file>file:/C:/Users/Jahir%20Corrales/Desktop/E2P1_GabrielOsorto/E2P1_GabrielOsorto/src/e2p1_gabrielosorto/Menu.java</file>
            <file>file:/C:/Users/Jahir%20Corrales/Desktop/E2P1_GabrielOsorto/E2P1_GabrielOsorto/src/e2p1_gabrielosorto/Numero.java</file>
        </group>
    </open-files>
</project-private>
